--
-- PostgreSQL database dump
--

-- Dumped from database version 9.1.8
-- Dumped by pg_dump version 9.1.8
-- Started on 2013-02-24 10:51:53 EST

SET statement_timeout = 0;
SET client_encoding = 'UTF8';
SET standard_conforming_strings = off;
SET check_function_bodies = false;
SET client_min_messages = warning;
SET escape_string_warning = off;

SET search_path = public, pg_catalog;

SET default_tablespace = '';

SET default_with_oids = false;

--
-- TOC entry 189 (class 1259 OID 18033)
-- Dependencies: 5
-- Name: scru_category; Type: TABLE; Schema: public; Owner: postgres; Tablespace: 
--

CREATE TABLE scru_category (
    id integer NOT NULL,
    name character varying(100) NOT NULL,
    appkey character varying(50) NOT NULL
);


ALTER TABLE public.scru_category OWNER TO postgres;

--
-- TOC entry 188 (class 1259 OID 18031)
-- Dependencies: 189 5
-- Name: scru_category_id_seq; Type: SEQUENCE; Schema: public; Owner: postgres
--

CREATE SEQUENCE scru_category_id_seq
    START WITH 1
    INCREMENT BY 1
    NO MINVALUE
    NO MAXVALUE
    CACHE 1;


ALTER TABLE public.scru_category_id_seq OWNER TO postgres;

--
-- TOC entry 2916 (class 0 OID 0)
-- Dependencies: 188
-- Name: scru_category_id_seq; Type: SEQUENCE OWNED BY; Schema: public; Owner: postgres
--

ALTER SEQUENCE scru_category_id_seq OWNED BY scru_category.id;


--
-- TOC entry 197 (class 1259 OID 18152)
-- Dependencies: 5
-- Name: scru_claim; Type: TABLE; Schema: public; Owner: postgres; Tablespace: 
--

CREATE TABLE scru_claim (
    id integer NOT NULL,
    "timestamp" timestamp with time zone,
    issue_id integer NOT NULL,
    user_id integer NOT NULL
);


ALTER TABLE public.scru_claim OWNER TO postgres;

--
-- TOC entry 196 (class 1259 OID 18150)
-- Dependencies: 197 5
-- Name: scru_claim_id_seq; Type: SEQUENCE; Schema: public; Owner: postgres
--

CREATE SEQUENCE scru_claim_id_seq
    START WITH 1
    INCREMENT BY 1
    NO MINVALUE
    NO MAXVALUE
    CACHE 1;


ALTER TABLE public.scru_claim_id_seq OWNER TO postgres;

--
-- TOC entry 2917 (class 0 OID 0)
-- Dependencies: 196
-- Name: scru_claim_id_seq; Type: SEQUENCE OWNED BY; Schema: public; Owner: postgres
--

ALTER SEQUENCE scru_claim_id_seq OWNED BY scru_claim.id;


--
-- TOC entry 185 (class 1259 OID 18014)
-- Dependencies: 2849 2850 2851 5 1303
-- Name: scru_issue; Type: TABLE; Schema: public; Owner: postgres; Tablespace: 
--

CREATE TABLE scru_issue (
    id integer NOT NULL,
    status character varying(100) NOT NULL,
    description character varying(500),
    before_img character varying(100),
    after_img character varying(100),
    date_opened timestamp with time zone,
    date_closed timestamp with time zone,
    reported_to_311 boolean,
    geom geometry NOT NULL,
    opener_id integer,
    closer_id integer,
    cleaner_id integer,
    category_id integer NOT NULL,
    location_type_id integer NOT NULL,
    CONSTRAINT enforce_dims_geom CHECK ((st_ndims(geom) = 2)),
    CONSTRAINT enforce_geotype_geom CHECK (((geometrytype(geom) = 'POINT'::text) OR (geom IS NULL))),
    CONSTRAINT enforce_srid_geom CHECK ((st_srid(geom) = 4326))
);


ALTER TABLE public.scru_issue OWNER TO postgres;

--
-- TOC entry 184 (class 1259 OID 18012)
-- Dependencies: 185 5
-- Name: scru_issue_id_seq; Type: SEQUENCE; Schema: public; Owner: postgres
--

CREATE SEQUENCE scru_issue_id_seq
    START WITH 1
    INCREMENT BY 1
    NO MINVALUE
    NO MAXVALUE
    CACHE 1;


ALTER TABLE public.scru_issue_id_seq OWNER TO postgres;

--
-- TOC entry 2918 (class 0 OID 0)
-- Dependencies: 184
-- Name: scru_issue_id_seq; Type: SEQUENCE OWNED BY; Schema: public; Owner: postgres
--

ALTER SEQUENCE scru_issue_id_seq OWNED BY scru_issue.id;


--
-- TOC entry 191 (class 1259 OID 18041)
-- Dependencies: 5
-- Name: scru_issueuser; Type: TABLE; Schema: public; Owner: postgres; Tablespace: 
--

CREATE TABLE scru_issueuser (
    id integer NOT NULL,
    "timestamp" timestamp with time zone,
    issue_id integer NOT NULL,
    user_id integer NOT NULL
);


ALTER TABLE public.scru_issueuser OWNER TO postgres;

--
-- TOC entry 190 (class 1259 OID 18039)
-- Dependencies: 191 5
-- Name: scru_issueuser_id_seq; Type: SEQUENCE; Schema: public; Owner: postgres
--

CREATE SEQUENCE scru_issueuser_id_seq
    START WITH 1
    INCREMENT BY 1
    NO MINVALUE
    NO MAXVALUE
    CACHE 1;


ALTER TABLE public.scru_issueuser_id_seq OWNER TO postgres;

--
-- TOC entry 2919 (class 0 OID 0)
-- Dependencies: 190
-- Name: scru_issueuser_id_seq; Type: SEQUENCE OWNED BY; Schema: public; Owner: postgres
--

ALTER SEQUENCE scru_issueuser_id_seq OWNED BY scru_issueuser.id;


--
-- TOC entry 187 (class 1259 OID 18025)
-- Dependencies: 5
-- Name: scru_locationtype; Type: TABLE; Schema: public; Owner: postgres; Tablespace: 
--

CREATE TABLE scru_locationtype (
    id integer NOT NULL,
    name character varying(100) NOT NULL,
    appkey character varying(50) NOT NULL
);


ALTER TABLE public.scru_locationtype OWNER TO postgres;

--
-- TOC entry 186 (class 1259 OID 18023)
-- Dependencies: 5 187
-- Name: scru_locationtype_id_seq; Type: SEQUENCE; Schema: public; Owner: postgres
--

CREATE SEQUENCE scru_locationtype_id_seq
    START WITH 1
    INCREMENT BY 1
    NO MINVALUE
    NO MAXVALUE
    CACHE 1;


ALTER TABLE public.scru_locationtype_id_seq OWNER TO postgres;

--
-- TOC entry 2920 (class 0 OID 0)
-- Dependencies: 186
-- Name: scru_locationtype_id_seq; Type: SEQUENCE OWNED BY; Schema: public; Owner: postgres
--

ALTER SEQUENCE scru_locationtype_id_seq OWNED BY scru_locationtype.id;


--
-- TOC entry 193 (class 1259 OID 18049)
-- Dependencies: 2856 2857 2858 2859 1303 5
-- Name: scru_pledge; Type: TABLE; Schema: public; Owner: postgres; Tablespace: 
--

CREATE TABLE scru_pledge (
    id integer NOT NULL,
    radius integer,
    geom geometry NOT NULL,
    user_id integer NOT NULL,
    CONSTRAINT enforce_dims_geom CHECK ((st_ndims(geom) = 2)),
    CONSTRAINT enforce_geotype_geom CHECK (((geometrytype(geom) = 'POINT'::text) OR (geom IS NULL))),
    CONSTRAINT enforce_srid_geom CHECK ((st_srid(geom) = 4326)),
    CONSTRAINT scru_pledge_radius_check CHECK ((radius >= 0))
);


ALTER TABLE public.scru_pledge OWNER TO postgres;

--
-- TOC entry 192 (class 1259 OID 18047)
-- Dependencies: 193 5
-- Name: scru_pledge_id_seq; Type: SEQUENCE; Schema: public; Owner: postgres
--

CREATE SEQUENCE scru_pledge_id_seq
    START WITH 1
    INCREMENT BY 1
    NO MINVALUE
    NO MAXVALUE
    CACHE 1;


ALTER TABLE public.scru_pledge_id_seq OWNER TO postgres;

--
-- TOC entry 2921 (class 0 OID 0)
-- Dependencies: 192
-- Name: scru_pledge_id_seq; Type: SEQUENCE OWNED BY; Schema: public; Owner: postgres
--

ALTER SEQUENCE scru_pledge_id_seq OWNED BY scru_pledge.id;


--
-- TOC entry 2853 (class 2604 OID 18036)
-- Dependencies: 189 188 189
-- Name: id; Type: DEFAULT; Schema: public; Owner: postgres
--

ALTER TABLE ONLY scru_category ALTER COLUMN id SET DEFAULT nextval('scru_category_id_seq'::regclass);


--
-- TOC entry 2860 (class 2604 OID 18155)
-- Dependencies: 197 196 197
-- Name: id; Type: DEFAULT; Schema: public; Owner: postgres
--

ALTER TABLE ONLY scru_claim ALTER COLUMN id SET DEFAULT nextval('scru_claim_id_seq'::regclass);


--
-- TOC entry 2848 (class 2604 OID 18323)
-- Dependencies: 184 185 185
-- Name: id; Type: DEFAULT; Schema: public; Owner: postgres
--

ALTER TABLE ONLY scru_issue ALTER COLUMN id SET DEFAULT nextval('scru_issue_id_seq'::regclass);


--
-- TOC entry 2854 (class 2604 OID 18044)
-- Dependencies: 190 191 191
-- Name: id; Type: DEFAULT; Schema: public; Owner: postgres
--

ALTER TABLE ONLY scru_issueuser ALTER COLUMN id SET DEFAULT nextval('scru_issueuser_id_seq'::regclass);


--
-- TOC entry 2852 (class 2604 OID 18028)
-- Dependencies: 186 187 187
-- Name: id; Type: DEFAULT; Schema: public; Owner: postgres
--

ALTER TABLE ONLY scru_locationtype ALTER COLUMN id SET DEFAULT nextval('scru_locationtype_id_seq'::regclass);


--
-- TOC entry 2855 (class 2604 OID 18052)
-- Dependencies: 193 192 193
-- Name: id; Type: DEFAULT; Schema: public; Owner: postgres
--

ALTER TABLE ONLY scru_pledge ALTER COLUMN id SET DEFAULT nextval('scru_pledge_id_seq'::regclass);


--
-- TOC entry 2905 (class 0 OID 18033)
-- Dependencies: 189 2912
-- Data for Name: scru_category; Type: TABLE DATA; Schema: public; Owner: postgres
--

COPY scru_category (id, name, appkey) FROM stdin;
1	Pothole	POTHOLE
2	Litter	LITTER
3	Overgrown Lot	OVERGROWN_LOT
\.


--
-- TOC entry 2922 (class 0 OID 0)
-- Dependencies: 188
-- Name: scru_category_id_seq; Type: SEQUENCE SET; Schema: public; Owner: postgres
--

SELECT pg_catalog.setval('scru_category_id_seq', 3, true);


--
-- TOC entry 2911 (class 0 OID 18152)
-- Dependencies: 197 2912
-- Data for Name: scru_claim; Type: TABLE DATA; Schema: public; Owner: postgres
--

COPY scru_claim (id, "timestamp", issue_id, user_id) FROM stdin;
21	2013-02-24 08:10:30.518563-05	149	1
22	2013-02-24 08:49:33.978923-05	149	1
23	2013-02-24 08:58:41.948048-05	4	1
24	2013-02-24 09:01:05.352911-05	4	1
25	2013-02-24 09:12:18.781051-05	6	1
26	2013-02-24 09:13:02.613601-05	4	1
27	2013-02-24 09:14:18.979121-05	4	1
28	2013-02-24 09:18:51.923283-05	6	1
29	2013-02-24 09:28:25.057429-05	7	1
30	2013-02-24 09:44:48.382551-05	140	1
31	2013-02-24 09:50:51.305434-05	6	1
32	2013-02-24 10:21:03.584141-05	7	1
33	2013-02-24 10:29:10.562282-05	8	1
\.


--
-- TOC entry 2923 (class 0 OID 0)
-- Dependencies: 196
-- Name: scru_claim_id_seq; Type: SEQUENCE SET; Schema: public; Owner: postgres
--

SELECT pg_catalog.setval('scru_claim_id_seq', 33, true);


--
-- TOC entry 2901 (class 0 OID 18014)
-- Dependencies: 185 2912
-- Data for Name: scru_issue; Type: TABLE DATA; Schema: public; Owner: postgres
--

COPY scru_issue (id, status, description, before_img, after_img, date_opened, date_closed, reported_to_311, geom, opener_id, closer_id, cleaner_id, category_id, location_type_id) FROM stdin;
4	open		static/before_img/1361713687571.jpg		2013-02-24 08:48:28.84331-05	2013-02-24 08:48:28.843384-05	\N	0101000020E6100000000000287EFA53C0298DF0E2D63A4440	1	\N	\N	1	1
8	open		static/before_img/before_3.jpg		2013-02-24 09:26:13.079105-05	2013-02-24 09:26:13.079171-05	\N	0101000020E610000000000020A4FA53C08679E665BC394440	1	\N	\N	1	1
111	open	Overgrown plants everywhere	static/before_img/Overgrown_Before_Public.jpg	static/after_img/Overgrown_After_Public.jpg	2013-02-23 19:48:43.168-05	2013-02-23 19:48:43.168-05	f	0101000020E61000008E1040D176FC53C0A63199AB9D394440	2	1	1	1	1
160	closed	Pothole big enough to eat my car	static/before_img/Pothole_Before_NULL.jpg	static/after_img/1361713809373_5.jpg	2013-02-23 19:48:43.168-05	2013-02-23 19:48:43.168-05	f	0101000020E61000000735486E72FC53C0DBD5C4AB4A364440	1	1	1	1	1
5	open		static/before_img/before.jpg		2013-02-24 09:00:25.47015-05	2013-02-24 09:00:25.470216-05	\N	0101000020E610000000000088D2FA53C00B8E3711BB3A4440	1	\N	\N	1	1
101	closed	Graffiti all over the wall	static/before_img/Graffiti_Before_NULL.jpg	static/after_img/after_2.jpg	2013-02-23 19:48:43.168-05	2013-02-23 19:48:43.168-05	f	0101000020E6100000E611CE3AB4FC53C006848BC8423B4440	2	1	1	1	1
9	open		static/before_img/before_4.jpg		2013-02-24 09:43:38.329248-05	2013-02-24 09:43:38.329314-05	\N	0101000020E61000000000009859FA53C04221CF67273A4440	1	\N	\N	1	1
130	open	Overgrown plants everywhere	static/before_img/Overgrown_Before_Vacant.jpg	static/after_img/Overgrown_After_Vacant.jpg	2013-02-23 19:48:43.168-05	2013-02-23 19:48:43.168-05	f	0101000020E6100000537FE611A7FC53C033FABECDC43C4440	1	2	1	1	1
140	closed	Trash in the street it's up to my knee	static/before_img/Trash_Before_Street.jpg	static/after_img/before.jpg	2013-02-23 19:48:43.168-05	2013-02-23 19:48:43.168-05	f	0101000020E61000009EDEAB1415FA53C08DC3B91F8C394440	1	2	1	1	1
139	open	Pothole big enough to eat my car	static/before_img/Pothole_Before_NULL.jpg	static/after_img/Pothole_After_NULL.jpg	2013-02-23 19:48:43.168-05	2013-02-23 19:48:43.168-05	f	0101000020E6100000840C9694BEFB53C0E226295FB2374440	1	2	1	1	1
1	open	chdghg	static/before_img/	static/after_img/	2013-02-23 19:48:43.168-05	2013-02-23 19:48:43.168-05	f	0101000020E61000000000002082FE53C03675CF66C8384440	1	\N	\N	1	1
2	open	fghhdf	static/before_img/	static/after_img/	2013-02-23 20:01:37.586-05	2013-02-23 20:01:37.586-05	f	0101000020E610000000000038D2FF53C02D706D6FAA384440	1	\N	\N	1	1
110	open	Graffiti all over the wall	static/before_img/Graffiti_Before_NULL.jpg	static/after_img/Graffiti_After_NULL.jpg	2013-02-23 19:48:43.168-05	2013-02-23 19:48:43.168-05	f	0101000020E6100000DBA9ED09B7FD53C0EA6266B3E03B4440	1	1	1	1	1
120	open	Overgrown plants everywhere	static/before_img/Overgrown_Before_Public.jpg	static/after_img/Overgrown_After_Public.jpg	2013-02-23 19:48:43.168-05	2013-02-23 19:48:43.168-05	f	0101000020E610000083A85FA079FD53C08A1074963B3A4440	1	1	1	1	1
149	open	Trash in the street it's up to my knee	static/before_img/Trash_Before_Street.jpg	static/after_img/Trash_After_Street.jpg	2013-02-23 19:48:43.168-05	2013-02-23 19:48:43.168-05	f	0101000020E61000009376CBE317FB53C071A2940A2A3A4440	1	1	1	1	1
159	open	Trash in the water	static/before_img/Trash_Before_Water.jpg	static/after_img/Trash_After_Water.jpg	2013-02-23 19:48:43.168-05	2013-02-23 19:48:43.168-05	f	0101000020E61000008E7476C5BBFA53C0DBF83064873C4440	1	1	1	1	1
121	open	Overgrown plants everywhere	static/before_img/Overgrown_Before_Vacant.jpg	static/after_img/Overgrown_After_Vacant.jpg	2013-02-23 19:48:43.168-05	2013-02-23 19:48:43.168-05	f	0101000020E61000005EE7C642A4FB53C04F1BE4E2263C4440	1	1	1	1	1
131	open	Pothole big enough to eat my car	static/before_img/Pothole_Before_NULL.jpg	static/after_img/Pothole_After_NULL.jpg	2013-02-23 19:48:43.168-05	2013-02-23 19:48:43.168-05	f	0101000020E61000008F7476C5BBFA53C0FE474E7414374440	1	1	1	1	1
150	open	Trash in the water	static/before_img/Trash_Before_Water.jpg	static/after_img/Trash_After_Water.jpg	2013-02-23 19:48:43.168-05	2013-02-23 19:48:43.168-05	f	0101000020E610000099DC56F6B8F953C0F7195679E93B4440	1	1	1	1	1
122	open	Overgrown plants everywhere	static/before_img/Overgrown_Before_Vacant.jpg	static/after_img/Overgrown_After_Vacant.jpg	2013-02-23 19:48:43.168-05	2013-02-23 19:48:43.168-05	f	0101000020E6100000D6A798EB5AFD53C02CA95A1A5D3B4440	1	1	1	1	1
6	open		static/before_img/before_1.jpg		2013-02-24 09:11:21.33004-05	2013-02-24 09:11:21.330104-05	\N	0101000020E6100000000000C883FA53C0D19669C45A3A4440	1	\N	\N	1	1
10	open	Light litter along sidewalk			2013-02-24 09:52:13.596218-05	2013-02-24 09:52:13.596286-05	\N	0101000020E6100000000000BA55FA53C09D4CEFA0043A4440	1	\N	\N	1	1
141	open	Trash in the street it's up to my knee	static/before_img/Trash_Before_Street.jpg	static/after_img/Trash_After_Street.jpg	2013-02-23 19:48:43.168-05	2013-02-23 19:48:43.168-05	f	0101000020E6100000169F7DBDCBFB53C06A513057C2384440	1	1	1	1	1
151	open	Trash in the water	static/before_img/Trash_Before_Water.jpg	static/after_img/Trash_After_Water.jpg	2013-02-23 19:48:43.168-05	2013-02-23 19:48:43.168-05	f	0101000020E6100000119D289F6FFB53C0D4A7CCB01F3B4440	1	1	1	1	1
112	open	Overgrown plants everywhere	static/before_img/Overgrown_Before_Public.jpg	static/after_img/Overgrown_After_Public.jpg	2013-02-23 19:48:43.168-05	2013-02-23 19:48:43.168-05	f	0101000020E610000006D1117A2DFE53C083BF0FE3D3384440	1	1	1	1	1
123	open	Overgrown plants everywhere	static/before_img/Overgrown_Before_Vacant.jpg	static/after_img/Overgrown_After_Vacant.jpg	2013-02-23 19:48:43.168-05	2013-02-23 19:48:43.168-05	f	0101000020E61000007A08EC5706FB53C06FDA2722A03D4440	1	1	1	1	1
152	open	Trash in the water	static/before_img/Trash_Before_Water.jpg	static/after_img/Trash_After_Water.jpg	2013-02-23 19:48:43.168-05	2013-02-23 19:48:43.168-05	f	0101000020E6100000B5FD7B0B1BF953C017D999B8623D4440	1	1	1	1	1
103	open	Graffiti all over the wall	static/before_img/Graffiti_Before_NULL.jpg	static/after_img/Graffiti_After_NULL.jpg	2013-02-23 19:48:43.168-05	2013-02-23 19:48:43.168-05	f	0101000020E61000000233F34F16FC53C02643CF07BC3C4440	1	1	1	1	1
113	open	Overgrown plants everywhere	static/before_img/Overgrown_Before_Public.jpg	static/after_img/Overgrown_After_Public.jpg	2013-02-23 19:48:43.168-05	2013-02-23 19:48:43.168-05	f	0101000020E6100000AA3165E6D8FB53C0C6F0DCEA163B4440	1	1	1	1	1
124	open	Overgrown plants everywhere	static/before_img/Overgrown_Before_Vacant.jpg	static/after_img/Overgrown_After_Vacant.jpg	2013-02-23 19:48:43.168-05	2013-02-23 19:48:43.168-05	f	0101000020E6100000E94BB670860054C05BD2D3A82F3C4440	1	1	1	1	1
143	open	Trash in the street it's up to my knee	static/before_img/Trash_Before_Street.jpg	static/after_img/Trash_After_Street.jpg	2013-02-23 19:48:43.168-05	2013-02-23 19:48:43.168-05	f	0101000020E610000029439B42F7FE53C0997AA9E594394440	1	1	1	1	1
153	open	Trash in the water	static/before_img/Trash_Before_Water.jpg	static/after_img/Trash_After_Water.jpg	2013-02-23 19:48:43.168-05	2013-02-23 19:48:43.168-05	f	0101000020E6100000244146249BFE53C003D1453FF23B4440	1	1	1	1	1
104	open	Graffiti all over the wall	static/before_img/Graffiti_Before_NULL.jpg	static/after_img/Graffiti_After_NULL.jpg	2013-02-23 19:48:43.168-05	2013-02-23 19:48:43.168-05	f	0101000020E61000007176BD68960154C0123B7B8E4B3B4440	1	1	1	1	1
114	open	Overgrown plants everywhere	static/before_img/Overgrown_Before_Public.jpg	static/after_img/Overgrown_After_Public.jpg	2013-02-23 19:48:43.168-05	2013-02-23 19:48:43.168-05	f	0101000020E610000019752FFF580154C0B2E88871A6394440	1	1	1	1	1
134	open	Pothole big enough to eat my car	static/before_img/Pothole_Before_NULL.jpg	static/after_img/Pothole_After_NULL.jpg	2013-02-23 19:48:43.168-05	2013-02-23 19:48:43.168-05	f	0101000020E61000009CB2083846FF53C0697B7E1535334440	1	1	1	1	1
144	open	Trash in the street it's up to my knee	static/before_img/Trash_Before_Street.jpg	static/after_img/Trash_After_Street.jpg	2013-02-23 19:48:43.168-05	2013-02-23 19:48:43.168-05	f	0101000020E6100000AB1C3E879FFE53C0F8F6E9C0AC354440	1	1	1	1	1
154	open	Trash in the water	static/before_img/Trash_Before_Water.jpg	static/after_img/Trash_After_Water.jpg	2013-02-23 19:48:43.168-05	2013-02-23 19:48:43.168-05	f	0101000020E6100000A61AE96843FE53C0624D861A0A384440	1	1	1	1	1
105	open	Graffiti all over the wall	static/before_img/Graffiti_Before_NULL.jpg	static/after_img/Graffiti_After_NULL.jpg	2013-02-23 19:48:43.168-05	2013-02-23 19:48:43.168-05	f	0101000020E6100000F34F60AD3E0154C071B7BB6963374440	1	1	1	1	1
115	open	Overgrown plants everywhere	static/before_img/Overgrown_Before_Public.jpg	static/after_img/Overgrown_After_Public.jpg	2013-02-23 19:48:43.168-05	2013-02-23 19:48:43.168-05	f	0101000020E61000009B4ED243010154C01165C94CBE354440	1	1	1	1	1
135	open	Pothole big enough to eat my car	static/before_img/Pothole_Before_NULL.jpg	static/after_img/Pothole_After_NULL.jpg	2013-02-23 19:48:43.168-05	2013-02-23 19:48:43.168-05	f	0101000020E6100000B5841EB89CFD53C0BEC9C6F521344440	1	1	1	1	1
155	open	Trash in the water	static/before_img/Trash_Before_Water.jpg	static/after_img/Trash_After_Water.jpg	2013-02-23 19:48:43.168-05	2013-02-23 19:48:43.168-05	f	0101000020E6100000BFECFEE899FC53C0B79BCEFAF6384440	1	1	1	1	1
106	open	Graffiti all over the wall	static/before_img/Graffiti_Before_NULL.jpg	static/after_img/Graffiti_After_NULL.jpg	2013-02-23 19:48:43.168-05	2013-02-23 19:48:43.168-05	f	0101000020E61000000C22762D95FF53C0C605044A50384440	1	1	1	1	1
146	open	Trash in the street it's up to my knee	static/before_img/Trash_Before_Street.jpg	static/after_img/Trash_After_Street.jpg	2013-02-23 19:48:43.168-05	2013-02-23 19:48:43.168-05	f	0101000020E6100000BD249200100054C0679EEACD71394440	1	1	1	1	1
156	open	Trash in the water	static/before_img/Trash_Before_Water.jpg	static/after_img/Trash_After_Water.jpg	2013-02-23 19:48:43.168-05	2013-02-23 19:48:43.168-05	f	0101000020E6100000B8223DE2B3FF53C0D1F48627CF3B4440	1	1	1	1	1
107	open	Graffiti all over the wall	static/before_img/Graffiti_Before_NULL.jpg	static/after_img/Graffiti_After_NULL.jpg	2013-02-23 19:48:43.168-05	2013-02-23 19:48:43.168-05	f	0101000020E61000000558B426AF0254C0E05EBC76283B4440	1	1	1	1	1
117	open	Overgrown plants everywhere	static/before_img/Overgrown_Before_Public.jpg	static/after_img/Overgrown_After_Public.jpg	2013-02-23 19:48:43.168-05	2013-02-23 19:48:43.168-05	f	0101000020E6100000AD5626BD710254C0800CCA5983394440	1	1	1	1	1
128	open	Overgrown plants everywhere	static/before_img/Overgrown_Before_Vacant.jpg	static/after_img/Overgrown_After_Vacant.jpg	2013-02-23 19:48:43.168-05	2013-02-23 19:48:43.168-05	f	0101000020E6100000056DDB85E8FF53C0B3FDAFD0DF364440	1	1	1	1	1
102	open	Graffiti all over the wall	static/before_img/Graffiti_Before_NULL.jpg	static/after_img/Graffiti_After_NULL.jpg	2013-02-23 19:48:43.168-05	2013-02-23 19:48:43.168-05	f	0101000020E61000005ED29FE36AFE53C0E3110200793A4440	\N	1	1	1	1
142	closed	Trash in the street it's up to my knee	static/before_img/Trash_Before_Street.jpg	static/after_img/1361711243621_2.jpg	2013-02-23 19:48:43.168-05	2013-02-23 19:48:43.168-05	f	0101000020E6100000BAFFD02977F953C0AD82FD5E053B4440	1	2	2	1	1
116	closed	Overgrown plants everywhere	static/before_img/Overgrown_Before_Public.jpg	static/after_img/after.jpg	2013-02-23 19:48:43.168-05	2013-02-23 19:48:43.168-05	f	0101000020E6100000B420E8C357FF53C066B3112DAB364440	1	1	1	1	1
7	open		static/before_img/before_2.jpg		2013-02-24 09:17:57.868987-05	2013-02-24 09:17:57.86905-05	\N	0101000020E6100000000000F826FA53C04332942ADB3A4440	1	\N	\N	1	1
136	open	Pothole big enough to eat my car	static/before_img/Pothole_Before_NULL.jpg	static/after_img/Pothole_After_NULL.jpg	2013-02-23 19:48:43.168-05	2013-02-23 19:48:43.168-05	f	0101000020E6100000AEBA5CB1B60054C0D8227F22FA364440	1	2	1	1	1
11	open	Trash			2013-02-24 10:20:34.559798-05	2013-02-24 10:20:34.559863-05	\N	0101000020E610000000000068D5F953C09BCEC04E723A4440	1	\N	\N	1	1
132	open	Pothole big enough to eat my car	static/before_img/Pothole_Before_NULL.jpg	static/after_img/Pothole_After_NULL.jpg	2013-02-23 19:48:43.168-05	2013-02-23 19:48:43.168-05	f	0101000020E6100000AB959BDA1DFA53C01E0792B38D384440	2	1	1	1	1
125	closed	Overgrown plants everywhere	static/before_img/Overgrown_Before_Vacant.jpg	static/after_img/after_3.jpg	2013-02-23 19:48:43.168-05	2013-02-23 19:48:43.168-05	f	0101000020E61000006B2559B52E0054C0BA4E148447384440	1	1	1	1	1
127	open	Overgrown plants everywhere	static/before_img/Overgrown_Before_Vacant.jpg	static/after_img/Overgrown_After_Vacant.jpg	2013-02-23 19:48:43.168-05	2013-02-23 19:48:43.168-05	f	0101000020E61000007D2DAD2E9F0154C029F614910C3C4440	1	1	2	1	1
133	open	Pothole big enough to eat my car	static/before_img/Pothole_Before_NULL.jpg	static/after_img/Pothole_After_NULL.jpg	2013-02-23 19:48:43.168-05	2013-02-23 19:48:43.168-05	f	0101000020E61000001AD965F39DFF53C00AFF3D3A1D374440	2	1	2	1	1
147	open	Trash in the street it's up to my knee	static/before_img/Trash_Before_Street.jpg	static/after_img/Trash_After_Street.jpg	2013-02-23 19:48:43.168-05	2013-02-23 19:48:43.168-05	f	0101000020E61000004564C05759FE53C0F1A5850D45344440	1	1	1	1	1
157	open	Trash in the water	static/before_img/Trash_Before_Water.jpg	static/after_img/Trash_After_Water.jpg	2013-02-23 19:48:43.168-05	2013-02-23 19:48:43.168-05	f	0101000020E610000040626B39FDFD53C05BFC2167A2364440	1	1	1	1	1
108	open	Graffiti all over the wall	static/before_img/Graffiti_Before_NULL.jpg	static/after_img/Graffiti_After_NULL.jpg	2013-02-23 19:48:43.168-05	2013-02-23 19:48:43.168-05	f	0101000020E61000008D97E27DF80054C06A6657B6FB354440	1	1	1	1	1
118	open	Overgrown plants everywhere	static/before_img/Overgrown_Before_Public.jpg	static/after_img/Overgrown_After_Public.jpg	2013-02-23 19:48:43.168-05	2013-02-23 19:48:43.168-05	f	0101000020E610000035965414BB0054C00A14659956344440	1	1	1	1	1
129	open	Overgrown plants everywhere	static/before_img/Overgrown_Before_Vacant.jpg	static/after_img/Overgrown_After_Vacant.jpg	2013-02-23 19:48:43.168-05	2013-02-23 19:48:43.168-05	f	0101000020E6100000AAA3E033210354C0942945322D384440	1	1	1	1	1
148	open	Trash in the street it's up to my knee	static/before_img/Trash_Before_Street.jpg	static/after_img/Trash_After_Street.jpg	2013-02-23 19:48:43.168-05	2013-02-23 19:48:43.168-05	f	0101000020E6100000EA9AC505920154C0D2D11A6F92354440	1	1	1	1	1
158	open	Trash in the water	static/before_img/Trash_Before_Water.jpg	static/after_img/Trash_After_Water.jpg	2013-02-23 19:48:43.168-05	2013-02-23 19:48:43.168-05	f	0101000020E6100000E59870E7350154C03C28B7C8EF374440	1	1	1	1	1
109	open	Graffiti all over the wall	static/before_img/Graffiti_Before_NULL.jpg	static/after_img/Graffiti_After_NULL.jpg	2013-02-23 19:48:43.168-05	2013-02-23 19:48:43.168-05	f	0101000020E610000032CEE72B310454C04B92EC1749374440	1	1	1	1	1
119	open	Overgrown plants everywhere	static/before_img/Overgrown_Before_Public.jpg	static/after_img/Overgrown_After_Public.jpg	2013-02-23 19:48:43.168-05	2013-02-23 19:48:43.168-05	f	0101000020E6100000DACC59C2F30354C0EB3FFAFAA3354440	1	1	1	1	1
137	closed	Pothole big enough to eat my car	static/before_img/Pothole_Before_NULL.jpg		2013-02-23 19:48:43.168-05	2013-02-23 19:48:43.168-05	f	0101000020E610000036FA8A0800FF53C0622A1A62CD314440	1	2	1	1	1
138	open	Pothole big enough to eat my car	static/before_img/Pothole_Before_NULL.jpg	static/after_img/Pothole_After_NULL.jpg	2013-02-23 19:48:43.168-05	2013-02-23 19:48:43.168-05	f	0101000020E6100000DB3090B6380254C04356AFC31A334440	2	2	1	1	1
126	closed	Overgrown plants everywhere	static/before_img/Overgrown_Before_Vacant.jpg	static/after_img/after_1.jpg	2013-02-23 19:48:43.168-05	2013-02-23 19:48:43.168-05	f	0101000020E610000084F76E3585FE53C00F9D5C6434394440	1	1	2	1	1
145	open	Trash in the street it's up to my knee	static/before_img/Trash_Before_Street.jpg	static/after_img/Trash_After_Street.jpg	2013-02-23 19:48:43.168-05	2013-02-23 19:48:43.168-05	f	0101000020E6100000C4EE5307F6FC53C04D4532A199364440	1	1	2	1	1
\.


--
-- TOC entry 2924 (class 0 OID 0)
-- Dependencies: 184
-- Name: scru_issue_id_seq; Type: SEQUENCE SET; Schema: public; Owner: postgres
--

SELECT pg_catalog.setval('scru_issue_id_seq', 11, true);


--
-- TOC entry 2907 (class 0 OID 18041)
-- Dependencies: 191 2912
-- Data for Name: scru_issueuser; Type: TABLE DATA; Schema: public; Owner: postgres
--

COPY scru_issueuser (id, "timestamp", issue_id, user_id) FROM stdin;
21	2013-02-24 08:48:28.922954-05	4	1
22	2013-02-24 09:00:25.549539-05	5	1
23	2013-02-24 09:11:21.364069-05	6	1
24	2013-02-24 09:17:57.901872-05	7	1
25	2013-02-24 09:26:13.105737-05	8	1
26	2013-02-24 09:43:38.35789-05	9	1
27	2013-02-24 09:52:13.620451-05	10	1
28	2013-02-24 10:20:34.599741-05	11	1
\.


--
-- TOC entry 2925 (class 0 OID 0)
-- Dependencies: 190
-- Name: scru_issueuser_id_seq; Type: SEQUENCE SET; Schema: public; Owner: postgres
--

SELECT pg_catalog.setval('scru_issueuser_id_seq', 28, true);


--
-- TOC entry 2903 (class 0 OID 18025)
-- Dependencies: 187 2912
-- Data for Name: scru_locationtype; Type: TABLE DATA; Schema: public; Owner: postgres
--

COPY scru_locationtype (id, name, appkey) FROM stdin;
1	Publicly Owned	PUBLIC
2	Bike Paths	BIKE_PATHS
3	Waterways	WATER
4	Vacant Parcel	VACANT
5	Parks	PARK
6	Riverfront Trails	RIVERFRONT
7	Greenway	GREENWAY
8	Parking	PARKING
\.


--
-- TOC entry 2926 (class 0 OID 0)
-- Dependencies: 186
-- Name: scru_locationtype_id_seq; Type: SEQUENCE SET; Schema: public; Owner: postgres
--

SELECT pg_catalog.setval('scru_locationtype_id_seq', 8, true);


--
-- TOC entry 2909 (class 0 OID 18049)
-- Dependencies: 193 2912
-- Data for Name: scru_pledge; Type: TABLE DATA; Schema: public; Owner: postgres
--

COPY scru_pledge (id, radius, geom, user_id) FROM stdin;
\.


--
-- TOC entry 2927 (class 0 OID 0)
-- Dependencies: 192
-- Name: scru_pledge_id_seq; Type: SEQUENCE SET; Schema: public; Owner: postgres
--

SELECT pg_catalog.setval('scru_pledge_id_seq', 1, false);


--
-- TOC entry 2872 (class 2606 OID 18038)
-- Dependencies: 189 189 2913
-- Name: scru_category_pkey; Type: CONSTRAINT; Schema: public; Owner: postgres; Tablespace: 
--

ALTER TABLE ONLY scru_category
    ADD CONSTRAINT scru_category_pkey PRIMARY KEY (id);


--
-- TOC entry 2883 (class 2606 OID 18157)
-- Dependencies: 197 197 2913
-- Name: scru_claim_pkey; Type: CONSTRAINT; Schema: public; Owner: postgres; Tablespace: 
--

ALTER TABLE ONLY scru_claim
    ADD CONSTRAINT scru_claim_pkey PRIMARY KEY (id);


--
-- TOC entry 2868 (class 2606 OID 18022)
-- Dependencies: 185 185 2913
-- Name: scru_issue_pkey; Type: CONSTRAINT; Schema: public; Owner: postgres; Tablespace: 
--

ALTER TABLE ONLY scru_issue
    ADD CONSTRAINT scru_issue_pkey PRIMARY KEY (id);


--
-- TOC entry 2875 (class 2606 OID 18046)
-- Dependencies: 191 191 2913
-- Name: scru_issueuser_pkey; Type: CONSTRAINT; Schema: public; Owner: postgres; Tablespace: 
--

ALTER TABLE ONLY scru_issueuser
    ADD CONSTRAINT scru_issueuser_pkey PRIMARY KEY (id);


--
-- TOC entry 2870 (class 2606 OID 18030)
-- Dependencies: 187 187 2913
-- Name: scru_locationtype_pkey; Type: CONSTRAINT; Schema: public; Owner: postgres; Tablespace: 
--

ALTER TABLE ONLY scru_locationtype
    ADD CONSTRAINT scru_locationtype_pkey PRIMARY KEY (id);


--
-- TOC entry 2879 (class 2606 OID 18055)
-- Dependencies: 193 193 2913
-- Name: scru_pledge_pkey; Type: CONSTRAINT; Schema: public; Owner: postgres; Tablespace: 
--

ALTER TABLE ONLY scru_pledge
    ADD CONSTRAINT scru_pledge_pkey PRIMARY KEY (id);


--
-- TOC entry 2881 (class 1259 OID 18224)
-- Dependencies: 197 2913
-- Name: scru_claim_issue_id; Type: INDEX; Schema: public; Owner: postgres; Tablespace: 
--

CREATE INDEX scru_claim_issue_id ON scru_claim USING btree (issue_id);


--
-- TOC entry 2884 (class 1259 OID 18230)
-- Dependencies: 197 2913
-- Name: scru_claim_user_id; Type: INDEX; Schema: public; Owner: postgres; Tablespace: 
--

CREATE INDEX scru_claim_user_id ON scru_claim USING btree (user_id);


--
-- TOC entry 2861 (class 1259 OID 18254)
-- Dependencies: 185 2913
-- Name: scru_issue_category_id; Type: INDEX; Schema: public; Owner: postgres; Tablespace: 
--

CREATE INDEX scru_issue_category_id ON scru_issue USING btree (category_id);


--
-- TOC entry 2862 (class 1259 OID 18248)
-- Dependencies: 185 2913
-- Name: scru_issue_cleaner_id; Type: INDEX; Schema: public; Owner: postgres; Tablespace: 
--

CREATE INDEX scru_issue_cleaner_id ON scru_issue USING btree (cleaner_id);


--
-- TOC entry 2863 (class 1259 OID 18242)
-- Dependencies: 185 2913
-- Name: scru_issue_closer_id; Type: INDEX; Schema: public; Owner: postgres; Tablespace: 
--

CREATE INDEX scru_issue_closer_id ON scru_issue USING btree (closer_id);


--
-- TOC entry 2864 (class 1259 OID 18084)
-- Dependencies: 185 2245 2913
-- Name: scru_issue_geom_id; Type: INDEX; Schema: public; Owner: postgres; Tablespace: 
--

CREATE INDEX scru_issue_geom_id ON scru_issue USING gist (geom);


--
-- TOC entry 2865 (class 1259 OID 18260)
-- Dependencies: 185 2913
-- Name: scru_issue_location_type_id; Type: INDEX; Schema: public; Owner: postgres; Tablespace: 
--

CREATE INDEX scru_issue_location_type_id ON scru_issue USING btree (location_type_id);


--
-- TOC entry 2866 (class 1259 OID 18288)
-- Dependencies: 185 2913
-- Name: scru_issue_opener_id; Type: INDEX; Schema: public; Owner: postgres; Tablespace: 
--

CREATE INDEX scru_issue_opener_id ON scru_issue USING btree (opener_id);


--
-- TOC entry 2873 (class 1259 OID 18272)
-- Dependencies: 191 2913
-- Name: scru_issueuser_issue_id; Type: INDEX; Schema: public; Owner: postgres; Tablespace: 
--

CREATE INDEX scru_issueuser_issue_id ON scru_issueuser USING btree (issue_id);


--
-- TOC entry 2876 (class 1259 OID 18278)
-- Dependencies: 191 2913
-- Name: scru_issueuser_user_id; Type: INDEX; Schema: public; Owner: postgres; Tablespace: 
--

CREATE INDEX scru_issueuser_user_id ON scru_issueuser USING btree (user_id);


--
-- TOC entry 2877 (class 1259 OID 18116)
-- Dependencies: 2245 193 2913
-- Name: scru_pledge_geom_id; Type: INDEX; Schema: public; Owner: postgres; Tablespace: 
--

CREATE INDEX scru_pledge_geom_id ON scru_pledge USING gist (geom);


--
-- TOC entry 2880 (class 1259 OID 18266)
-- Dependencies: 193 2913
-- Name: scru_pledge_user_id; Type: INDEX; Schema: public; Owner: postgres; Tablespace: 
--

CREATE INDEX scru_pledge_user_id ON scru_pledge USING btree (user_id);


--
-- TOC entry 2890 (class 2606 OID 18295)
-- Dependencies: 185 2871 189 2913
-- Name: category_id_refs_id_2203608f; Type: FK CONSTRAINT; Schema: public; Owner: postgres
--

ALTER TABLE ONLY scru_issue
    ADD CONSTRAINT category_id_refs_id_2203608f FOREIGN KEY (category_id) REFERENCES scru_category(id) DEFERRABLE INITIALLY DEFERRED;


--
-- TOC entry 2887 (class 2606 OID 18249)
-- Dependencies: 189 185 2871 2913
-- Name: category_id_refs_id_4449dcaf2203608f; Type: FK CONSTRAINT; Schema: public; Owner: postgres
--

ALTER TABLE ONLY scru_issue
    ADD CONSTRAINT category_id_refs_id_4449dcaf2203608f FOREIGN KEY (category_id) REFERENCES scru_category(id) DEFERRABLE INITIALLY DEFERRED;


--
-- TOC entry 2886 (class 2606 OID 18243)
-- Dependencies: 185 176 2913
-- Name: cleaner_id_refs_id_2d44aeacc51333e1; Type: FK CONSTRAINT; Schema: public; Owner: postgres
--

ALTER TABLE ONLY scru_issue
    ADD CONSTRAINT cleaner_id_refs_id_2d44aeacc51333e1 FOREIGN KEY (cleaner_id) REFERENCES auth_user(id) DEFERRABLE INITIALLY DEFERRED;


--
-- TOC entry 2891 (class 2606 OID 18300)
-- Dependencies: 185 176 2913
-- Name: cleaner_id_refs_id_3aeccc1f; Type: FK CONSTRAINT; Schema: public; Owner: postgres
--

ALTER TABLE ONLY scru_issue
    ADD CONSTRAINT cleaner_id_refs_id_3aeccc1f FOREIGN KEY (cleaner_id) REFERENCES auth_user(id) DEFERRABLE INITIALLY DEFERRED;


--
-- TOC entry 2885 (class 2606 OID 18237)
-- Dependencies: 176 185 2913
-- Name: closer_id_refs_id_2d44aeacc51333e1; Type: FK CONSTRAINT; Schema: public; Owner: postgres
--

ALTER TABLE ONLY scru_issue
    ADD CONSTRAINT closer_id_refs_id_2d44aeacc51333e1 FOREIGN KEY (closer_id) REFERENCES auth_user(id) DEFERRABLE INITIALLY DEFERRED;


--
-- TOC entry 2892 (class 2606 OID 18305)
-- Dependencies: 176 185 2913
-- Name: closer_id_refs_id_3aeccc1f; Type: FK CONSTRAINT; Schema: public; Owner: postgres
--

ALTER TABLE ONLY scru_issue
    ADD CONSTRAINT closer_id_refs_id_3aeccc1f FOREIGN KEY (closer_id) REFERENCES auth_user(id) DEFERRABLE INITIALLY DEFERRED;


--
-- TOC entry 2898 (class 2606 OID 18219)
-- Dependencies: 185 2867 197 2913
-- Name: issue_id_refs_id_16de5c85bf6b3a0; Type: FK CONSTRAINT; Schema: public; Owner: postgres
--

ALTER TABLE ONLY scru_claim
    ADD CONSTRAINT issue_id_refs_id_16de5c85bf6b3a0 FOREIGN KEY (issue_id) REFERENCES scru_issue(id) DEFERRABLE INITIALLY DEFERRED;


--
-- TOC entry 2895 (class 2606 OID 18267)
-- Dependencies: 185 2867 191 2913
-- Name: issue_id_refs_id_4dbb07b5e835cf80; Type: FK CONSTRAINT; Schema: public; Owner: postgres
--

ALTER TABLE ONLY scru_issueuser
    ADD CONSTRAINT issue_id_refs_id_4dbb07b5e835cf80 FOREIGN KEY (issue_id) REFERENCES scru_issue(id) DEFERRABLE INITIALLY DEFERRED;


--
-- TOC entry 2888 (class 2606 OID 18255)
-- Dependencies: 185 2869 187 2913
-- Name: location_type_id_refs_id_4ca3be0395dcea54; Type: FK CONSTRAINT; Schema: public; Owner: postgres
--

ALTER TABLE ONLY scru_issue
    ADD CONSTRAINT location_type_id_refs_id_4ca3be0395dcea54 FOREIGN KEY (location_type_id) REFERENCES scru_locationtype(id) DEFERRABLE INITIALLY DEFERRED;


--
-- TOC entry 2893 (class 2606 OID 18310)
-- Dependencies: 2869 185 187 2913
-- Name: location_type_id_refs_id_6a2315ac; Type: FK CONSTRAINT; Schema: public; Owner: postgres
--

ALTER TABLE ONLY scru_issue
    ADD CONSTRAINT location_type_id_refs_id_6a2315ac FOREIGN KEY (location_type_id) REFERENCES scru_locationtype(id) DEFERRABLE INITIALLY DEFERRED;


--
-- TOC entry 2889 (class 2606 OID 18289)
-- Dependencies: 185 176 2913
-- Name: opener_id_refs_id_2d44aeacc51333e1; Type: FK CONSTRAINT; Schema: public; Owner: postgres
--

ALTER TABLE ONLY scru_issue
    ADD CONSTRAINT opener_id_refs_id_2d44aeacc51333e1 FOREIGN KEY (opener_id) REFERENCES auth_user(id) DEFERRABLE INITIALLY DEFERRED;


--
-- TOC entry 2894 (class 2606 OID 18315)
-- Dependencies: 185 176 2913
-- Name: opener_id_refs_id_3aeccc1f; Type: FK CONSTRAINT; Schema: public; Owner: postgres
--

ALTER TABLE ONLY scru_issue
    ADD CONSTRAINT opener_id_refs_id_3aeccc1f FOREIGN KEY (opener_id) REFERENCES auth_user(id) DEFERRABLE INITIALLY DEFERRED;


--
-- TOC entry 2896 (class 2606 OID 18273)
-- Dependencies: 191 176 2913
-- Name: user_id_refs_id_278360e38a63f826; Type: FK CONSTRAINT; Schema: public; Owner: postgres
--

ALTER TABLE ONLY scru_issueuser
    ADD CONSTRAINT user_id_refs_id_278360e38a63f826 FOREIGN KEY (user_id) REFERENCES auth_user(id) DEFERRABLE INITIALLY DEFERRED;


--
-- TOC entry 2897 (class 2606 OID 18261)
-- Dependencies: 176 193 2913
-- Name: user_id_refs_id_2e22b0c2b863b75c; Type: FK CONSTRAINT; Schema: public; Owner: postgres
--

ALTER TABLE ONLY scru_pledge
    ADD CONSTRAINT user_id_refs_id_2e22b0c2b863b75c FOREIGN KEY (user_id) REFERENCES auth_user(id) DEFERRABLE INITIALLY DEFERRED;


--
-- TOC entry 2899 (class 2606 OID 18225)
-- Dependencies: 197 176 2913
-- Name: user_id_refs_id_7819373f056501ba; Type: FK CONSTRAINT; Schema: public; Owner: postgres
--

ALTER TABLE ONLY scru_claim
    ADD CONSTRAINT user_id_refs_id_7819373f056501ba FOREIGN KEY (user_id) REFERENCES auth_user(id) DEFERRABLE INITIALLY DEFERRED;


-- Completed on 2013-02-24 10:51:54 EST

--
-- PostgreSQL database dump complete
--

